keyword,competition,competition_index,search_volume,cpc,trend,cluster_int,cluster_name
add excerpt to pages wordpress,LOW,0.0,10,,0.0,6,Content and Metadata Management
add meta tag to wordpress,LOW,0.0,50,,-2.9,6,Content and Metadata Management
best wordpress plugins for writers,LOW,0.0,10,,0.0,7,Multilingual Toolbox
bulk edit attributes woocommerce,LOW,22.0,10,1.13,0.8,3,Bulk Editing Solutions
cloud based collaboration,LOW,19.0,140,11.69,-0.9,1,Collaborative Tools and Solutions
collaborative feedback,LOW,5.0,20,,-0.7,1,Collaborative Tools and Solutions
conditional discounts for woocommerce,LOW,0.0,10,,-0.5,4,Discount and Pricing Solutions
content feedback,LOW,3.0,10,,0.2,0,Content Strategy and Management
content project management,LOW,6.0,10,,-1.7,0,Content Strategy and Management
content quality control,LOW,0.0,10,,-0.4,0,Content Strategy and Management
digital transformation tools,LOW,20.0,40,15.15,1.2,1,Collaborative Tools and Solutions
distributed content management,LOW,0.0,10,,-0.2,0,Content Strategy and Management
document management in wordpress,MEDIUM,41.0,30,4.03,0.1,6,Content and Metadata Management
editorial management system,LOW,6.0,10,,1.3,0,Content Strategy and Management
editorial workflow tools,LOW,0.0,10,,0.0,0,Content Strategy and Management
enterprise collaboration,LOW,0.0,30,,-0.1,1,Collaborative Tools and Solutions
global content strategy,LOW,4.0,10,,0.5,0,Content Strategy and Management
google search console country targeting,LOW,0.0,10,,0.9,2,Global SEO Strategies
gravity forms bulk actions,LOW,0.0,10,,0.4,3,Bulk Editing Solutions
how to create tone of voice guidelines,LOW,23.0,10,2.45,0.0,0,Content Strategy and Management
how to find guest blog writers,LOW,0.0,0,,0.0,0,Content Strategy and Management
how to scale content creation,LOW,5.0,10,,0.1,0,Content Strategy and Management
internal documentation,LOW,1.0,50,,2.0,0,Content Strategy and Management
international seo,LOW,9.0,140,4.74,-0.5,2,Global SEO Strategies
local seo vs global seo,LOW,0.0,10,,0.0,2,Global SEO Strategies
localized keyword research,LOW,3.0,140,4.28,0.0,2,Global SEO Strategies
multilingual social media,LOW,0.0,20,,0.0,7,Multilingual Toolbox
programmatic seo wordpress,LOW,20.0,10,,0.0,2,Global SEO Strategies
secure collaboration tools,LOW,6.0,10,,0.0,1,Collaborative Tools and Solutions
secure forms wordpress,MEDIUM,34.0,10,,0.0,5,Security and Protection
shopify international seo,LOW,0.0,10,,0.0,2,Global SEO Strategies
woocommerce apply discount to all products,LOW,11.0,10,,0.0,4,Discount and Pricing Solutions
woocommerce bulk edit categories,LOW,5.0,10,,0.0,3,Bulk Editing Solutions
woocommerce bulk edit variation prices,LOW,14.0,10,,0.0,3,Bulk Editing Solutions
woocommerce chained products,LOW,6.0,10,,0.0,4,Discount and Pricing Solutions
woocommerce discount rules,LOW,17.0,20,,-3.2,4,Discount and Pricing Solutions
woocommerce dynamic pricing,MEDIUM,35.0,50,1.68,0.4,4,Discount and Pricing Solutions
woocommerce metadata,LOW,0.0,10,,0.5,6,Content and Metadata Management
woocommerce shipping discount,LOW,7.0,10,,-0.9,4,Discount and Pricing Solutions
wordpress attacks,LOW,2.0,10,,0.4,5,Security and Protection
wordpress disable xmlrpc,LOW,0.0,20,,0.0,5,Security and Protection
wordpress image description,LOW,1.0,10,,0.0,6,Content and Metadata Management
wordpress inventory management system,MEDIUM,41.0,20,7.28,0.0,7,Multilingual Toolbox
wordpress metadata,LOW,1.0,30,,-0.1,6,Content and Metadata Management
wordpress multilanguage support,LOW,0.0,10,,0.0,7,Multilingual Toolbox
wordpress multilingual support,LOW,7.0,10,,0.0,7,Multilingual Toolbox
wordpress user meta,LOW,0.0,10,,1.7,6,Content and Metadata Management
wordpress user role permissions,LOW,5.0,30,0.43,0.0,6,Content and Metadata Management
